predicted_response,actual_response
1.130162352,1.04
1.332044081,2.62
1.408500576,1.25
1.240951317,1.3
1.219158859,1.04
1.246309512,1.44
1.236464691,1.34
1.331786192,1.39
1.278398978,1.34
1.337854148,1.12
